Case ID,Patient Initials,Country,Date of Birth,Age (years),Sex,Reaction Onset Date,Describe Reaction(s),Outcome,Serious (Y/N),Suspect Drug,Daily Dose,Route,Indication,Therapy Start Date,Therapy End Date,Therapy Duration,Abated After Stopping,Rechallenge Result,Concomitant Drug 1,Concomitant Drug 2,Medical History,Contact no
CASE-2026-0001,OH,IN,27/06/1967,59.0,F,19/01/2026,Nausea and vomiting,Recover,,Ibuprofen,400 mg,Oral,Diabetes management,11/01/2026,18/01/2026,7 days,,Not tested,Cetirizine,Omeprazole,Asthmatic,9811965645
CASE-2026-0002,KF,IN,02/01/1982,44.0,M,25/01/2026,Joint pain and muscle weakness,Recovering,,Metformin,1000 mg,Oral,Diabetes management,04/01/2026,13/01/2026,9 days,Yes,Yes,Metoprolol,Omeprazole,Asthmatic,9718321079
CASE-2026-0003,ZO,IN,06/02/2005,21.0,F,,Breathlessness,,,Metformin,,Oral,Bacterial infection,13/01/2026,21/01/2026,,No,,,,,9718321078
CASE-2026-0004,IM,IN,21/06/2001,25.0,F,15/01/2026,Hepatotoxicity indicators,,,Azithromycin,500 mg,Oral,Respiratory infection,13/01/2026,19/01/2026,6 days,Yes,,,,,7835994166
CASE-2026-0005,DJ,IN,26/06/1972,54.0,F,25/01/2026,Anaphylaxis,Fatal / Recovering,,Amoxicillin,500 mg,Oral,Bacterial infection,07/01/2026,13/01/2026,6 days,,Yes,,,,7428878253
CASE-2026-0006,MU,IN,26/02/1977,49.0,M,07/01/2026,Dizziness and headache,,,Atorvastatin,40 mg,Oral,Inflammation control,,17/01/2026,9 days,No,No,,,,7428878256
CASE-2026-0007,GI,IN,22/08/2002,24.0,M,06/01/2026,Hepatotoxicity indicators,,,Amoxicillin,500 mg,Oral,Cholesterol management,09/01/2026,18/01/2026,9 days,,Not tested,,,,7428878252
CASE-2026-0008,MW,IN,08/06/1980,46.0,F,23/01/2026,Severe allergic reaction,,,Amoxicillin,,,Respiratory infection,04/01/2026,,10 days,Yes,Yes,,,,7428878251
CASE-2026-0009,BN,IN,14/07/1963,63.0,F,06/01/2026,Joint pain and muscle weakness,,,Lisinopril,10 mg,Oral,Hypertension control,01/01/2026,09/01/2026,8 days,,No,,,,7428878254
CASE-2026-0010,YX,IN,27/06/1962,64.0,F,,Dizziness and headache,,,Lisinopril,10 mg,Oral,Respiratory infection,10/01/2026,20/01/2026,10 days,Yes,No,,,,7428878255
CASE-2026-0011,TR,IN,10/06/1991,35.0,F,,Breathlessness,,,Metformin,1000 mg,Oral,Cholesterol management,14/01/2026,19/01/2026,5 days,,,,,,7428878257
CASE-2026-0012,AE,IN,21/12/1977,49.0,F,,Anaphylaxis,,,Lisinopril,10 mg,Oral,Diabetes management,10/01/2026,16/01/2026,6 days,Yes,No,,,,7428878259
CASE-2026-0013,RS,IN,16/02/1964,62.0,M,,Joint pain and muscle weakness,,,Azithromycin,500 mg,Oral,Cholesterol management,,,,,,Metoprolol,Omeprazole,Asthmatic,7428878258
CASE-2026-0014,IB,IN,23/09/2002,24.0,F,,Hepatotoxicity indicators,,,Azithromycin,500 mg,Oral,Respiratory infection,,,,,,Aspirin,Vitamin D,No significant history,7428878250
CASE-2026-0015,XA,IN,28/02/1991,35.0,M,,Nausea and vomiting,,,Azithromycin,500 mg,Oral,Respiratory infection,,,,,,Aspirin,Vitamin D,Chronic liver disease,9718321077
CASE-2026-0016,CL,IN,23/05/1984,42.0,F,,Joint pain and muscle weakness,,,Atorvastatin,40 mg,Oral,Cholesterol management,,,,,,Paracetamol,Vitamin D,Hypertensive,9718321076
CASE-2026-0017,DD,IN,14/10/1998,28.0,M,20/01/2026,Photosensitivity rash,,,Metformin,1000 mg,Oral,Diabetes management,,,,,,Metoprolol,Vitamin C,Arthritic,9718321075
CASE-2026-0018,BN,IN,23/12/1994,32.0,F,22/01/2026,Severe rash and fever,,,Metformin,1000 mg,Oral,Bacterial infection,,,,,,,,,9718321074
CASE-2026-0019,SP,IN,02/12/1957,69.0,F,02/01/2026,Severe allergic reaction,,,Azithromycin,500 mg,Oral,Bacterial infection,,,,,,,,,9718321073
CASE-2026-0020,CV,IN,23/05/1970,56.0,F,23/01/2026,Breathlessness,,,Atorvastatin,40 mg,Oral,Cholesterol management,,,,,,,,,9718321072
CASE-2026-0021,KW,IN,17/03/1961,65.0,M,,Nausea and vomiting,,,Atorvastatin,40 mg,Oral,Cholesterol management,,,,,,,,,9718321070
CASE-2026-0022,OG,IN,21/03/1969,57.0,M,,Joint pain and muscle weakness,,,Ibuprofen,400 mg,Oral,Respiratory infection,,,,,,,,,9718321071
CASE-2026-0023,HB,IN,27/10/1996,30.0,F,,Breathlessness,,,Amoxicillin,500 mg,Oral,Respiratory infection,,,,,,Aspirin,Omeprazole,Arthritic,7835994160
CASE-2026-0024,AF,IN,15/07/1965,61.0,F,,Abdominal pain,,,Azithromycin,,Oral,Respiratory infection,,,,,,Paracetamol,Vitamin D,Diabetic,7835994169
CASE-2026-0025,PW,IN,13/11/1964,62.0,F,,Joint pain and muscle weakness,Recovering,,Metformin,,Oral,Hypertension control,18/01/2026,27/01/2026,9 days,Yes,,Paracetamol,Vitamin D,No significant history,7835994168
CASE-2026-0026,WL,IN,14/07/1998,28.0,M,,Photosensitivity rash,Recover,,Azithromycin,,Oral,Cholesterol management,04/01/2026,14/01/2026,10 days,,Not tested,Cetirizine,Omeprazole,Asthmatic,7835994167
CASE-2026-0027,VL,IN,06/12/1998,28.0,F,16/01/2026,Anaphylaxis,Fatal / Recovering,,Amoxicillin,,Oral,Cholesterol management,,,,,,Paracetamol,Iron supplement,No significant history,7835994166
CASE-2026-0028,YQ,IN,13/12/2001,25.0,M,25/01/2026,Hepatotoxicity indicators,Fatal / Recovering,,Metformin,,Oral,Inflammation control,,,,,,,,,7835994165
CASE-2026-0029,ER,IN,02/10/1967,59.0,F,17/01/2026,Severe rash and fever,Recovering,,Lisinopril,,Oral,Hypertension control,,,,,,,,,7835994164
CASE-2026-0030,KX,IN,02/08/2009,17.0,M,07/01/2026,Severe allergic reaction,Recovering,,Amoxicillin,,Oral,Inflammation control,,,,,,,,,7835994163
CASE-2026-0031,XK,IN,30/03/1996,30.0,F,23/01/2026,Breathlessness,Recovering,,Metformin,,Oral,Inflammation control,,,,,,Cetirizine,Iron supplement,No significant history,7835994162
CASE-2026-0032,SF,IN,14/03/1980,46.0,M,14/01/2026,Anaphylaxis,Fatal / Recovering,,Lisinopril,10 mg,Oral,,,,,,,,Vitamin D,Chronic liver disease,7835994161
CASE-2026-0033,PG,IN,30/03/1973,53.0,F,17/01/2026,Severe rash and fever,Recovering,,Ciprofloxacin,750 mg,Oral,,,,,,,,Omeprazole,Diabetic,7982782501
CASE-2026-0034,NV,IN,12/09/1972,54.0,M,10/01/2026,Dizziness and headache,Recover,,Ciprofloxacin,750 mg,Oral,,,,,,,,Omeprazole,Asthmatic,7982782512
CASE-2026-0035,NS,IN,22/03/1977,49.0,F,20/01/2026,Photosensitivity rash,Recover,,Lisinopril,10 mg,Oral,,,,,,,,Vitamin D,Arthritic,7982782523
CASE-2026-0036,LL,IN,23/06/1973,53.0,F,03/01/2026,Severe allergic reaction,Recovering,,Ibuprofen,400 mg,Oral,,,,,,,,Omeprazole,Chronic liver disease,7982782533
CASE-2026-0037,XS,IN,21/11/1980,46.0,M,24/01/2026,Photosensitivity rash,Recover,,Atorvastatin,40 mg,Oral,,,,,,,,Vitamin C,Diabetic,7982782543
CASE-2026-0038,VZ,IN,14/05/1989,37.0,M,23/01/2026,Nausea and vomiting,Recover,,Atorvastatin,40 mg,Oral,,,,,,,,Vitamin C,Arthritic,7982782553
CASE-2026-0039,KI,IN,18/04/1969,57.0,M,08/01/2026,Anaphylaxis,,,Ciprofloxacin,750 mg,Oral,,,26/01/2026,8 days,,Not tested,Aspirin,Iron supplement,Hypertensive,7982782563
CASE-2026-0040,BL,IN,06/09/1973,53.0,F,24/01/2026,Abdominal pain,,,Amoxicillin,500 mg,Oral,,,30/01/2026,10 days,,Not tested,Aspirin,Vitamin C,Arthritic,7982782573
CASE-2026-0041,WK,IN,02/10/1967,59.0,F,08/01/2026,Anaphylaxis,,,Ibuprofen,400 mg,Oral,,,22/01/2026,9 days,Yes,,Cetirizine,Vitamin C,Hypertensive,7982782583
CASE-2026-0042,BI,IN,09/03/2005,21.0,F,10/01/2026,Photosensitivity rash,,,Lisinopril,10 mg,Oral,,,21/01/2026,7 days,Yes,,,,,7982782593
CASE-2026-0043,BB,IN,25/06/1992,34.0,F,04/01/2026,Hepatotoxicity indicators,,,Atorvastatin,40 mg,Oral,,,10/01/2026,7 days,Yes,,,,,7982784110
CASE-2026-0044,VP,IN,28/03/1956,70.0,M,02/01/2026,Breathlessness,,,Metformin,1000 mg,Oral,Cholesterol management,15/01/2026,20/01/2026,5 days,Yes,,,,,7982784111
CASE-2026-0045,ER,IN,16/04/1970,56.0,M,03/01/2026,Dizziness and headache,,,Ciprofloxacin,750 mg,Oral,Diabetes management,18/01/2026,28/01/2026,10 days,No,,,,,7982784112
CASE-2026-0046,FY,IN,09/02/1957,69.0,M,25/01/2026,Photosensitivity rash,,,Lisinopril,10 mg,Oral,Respiratory infection,05/01/2026,13/01/2026,8 days,,,,,,7982784113
CASE-2026-0047,LI,IN,26/08/1985,41.0,M,19/01/2026,Severe allergic reaction,,,Atorvastatin,,,,03/01/2026,10/01/2026,7 days,Yes,,,,,7982784114
CASE-2026-0048,CP,IN,14/03/2008,18.0,M,20/01/2026,Abdominal pain,,,Ciprofloxacin,,,,14/01/2026,21/01/2026,7 days,No,,,,,7982784115
CASE-2026-0049,CR,IN,10/11/1966,60.0,F,14/01/2026,Joint pain and muscle weakness,,,Ciprofloxacin,,,,17/01/2026,25/01/2026,8 days,No,,,,,7982784116
CASE-2026-0050,KZ,IN,09/08/1988,38.0,M,25/01/2026,Breathlessness,Recovering,,Ciprofloxacin,,,,18/01/2026,26/01/2026,8 days,,,,,,7982784117
CASE-2026-0051,YQ,IN,17/11/1978,48.0,M,04/01/2026,Severe allergic reaction,Recovering,,Ibuprofen,,,,03/01/2026,08/01/2026,5 days,No,,,,,7982784118
CASE-2026-0052,WX,IN,14/07/1998,28.0,M,18/01/2026,Abdominal pain,Recover,,Ibuprofen,,,,07/01/2026,12/01/2026,5 days,No,,,,,7982784119
CASE-2026-0053,SP,IN,04/12/1958,68.0,M,03/01/2026,Hepatotoxicity indicators,Fatal / Recovering,,Lisinopril,,,,08/01/2026,15/01/2026,7 days,,,,,,8684321550
CASE-2026-0054,GN,IN,04/02/1970,56.0,F,06/01/2026,Anaphylaxis,Fatal / Recovering,,Ibuprofen,,,,04/01/2026,09/01/2026,5 days,No,,,,,8684321551
CASE-2026-0055,OB,IN,24/12/1960,66.0,M,09/01/2026,Joint pain and muscle weakness,Recovering,,Amoxicillin,,,,10/01/2026,15/01/2026,5 days,,,,,,8684321552
CASE-2026-0056,KC,IN,18/04/1963,63.0,M,,Breathlessness,Recovering,,Atorvastatin,,,,03/01/2026,12/01/2026,9 days,No,No,Paracetamol,Vitamin D,Diabetic,8684321553
CASE-2026-0057,EH,IN,04/01/1982,44.0,M,,Abdominal pain,Recover,,Lisinopril,,,,03/01/2026,12/01/2026,9 days,,No,Metoprolol,Omeprazole,No significant history,8684321554
CASE-2026-0058,PZ,IN,17/06/2006,20.0,F,,Severe allergic reaction,Recovering,,Atorvastatin,,,,,,,,No,Metoprolol,Vitamin D,Asthmatic,8684321555
CASE-2026-0059,XQ,IN,23/09/1999,27.0,M,,Breathlessness,Recovering,,Ciprofloxacin,,,,,,,,,Metoprolol,Omeprazole,Diabetic,8684321556
CASE-2026-0060,FW,IN,04/03/1993,33.0,M,,Breathlessness,Recovering,,Metformin,,,,,,,,No,Metoprolol,Iron supplement,Arthritic,8684321557
CASE-2026-0061,JQ,IN,10/07/2002,24.0,M,,Joint pain and muscle weakness,Recovering,,Lisinopril,,,,,,,,Yes,Metoprolol,Vitamin C,No significant history,8684321558
CASE-2026-0062,BS,IN,26/05/1981,45.0,F,,Severe allergic reaction,Recovering,,Metformin,,,,,,,,Not tested,Aspirin,Iron supplement,Hypertensive,8684321559
CASE-2026-0063,QH,IN,22/10/1986,40.0,F,,Severe allergic reaction,Recovering,,Atorvastatin,,,,,,,,Yes,Metoprolol,Omeprazole,Chronic liver disease,6789493210
CASE-2026-0064,TJ,IN,17/11/1972,54.0,F,,Severe rash and fever,Recovering,,Lisinopril,,,,,,,,Not tested,Metoprolol,Omeprazole,Hypertensive,9876543210
CASE-2026-0065,LA,IN,06/01/1991,35.0,M,,Joint pain and muscle weakness,Recovering,,Azithromycin,500 mg,Oral,Bacterial infection,,,,,No,Paracetamol,Iron supplement,Diabetic,9123456789
CASE-2026-0066,DS,IN,21/06/1975,51.0,M,20/01/2026,Dizziness and headache,Recover,,Amoxicillin,500 mg,Oral,Hypertension control,,,,,Yes,Aspirin,Vitamin C,Asthmatic,9988776655
CASE-2026-0067,MC,IN,05/12/1965,61.0,F,21/01/2026,Anaphylaxis,Fatal / Recovering,,Metformin,1000 mg,Oral,Bacterial infection,,,,,Not tested,Aspirin,Vitamin C,Arthritic,9090909090
CASE-2026-0068,QG,IN,23/09/2009,17.0,F,06/01/2026,Nausea and vomiting,Recover,,Atorvastatin,,,Respiratory infection,,,,,No,Paracetamol,Omeprazole,Chronic liver disease,9812345678
CASE-2026-0069,ZE,IN,25/01/1993,33.0,M,06/01/2026,Hepatotoxicity indicators,Fatal / Recovering,,Azithromycin,,,Respiratory infection,13/01/2026,20/01/2026,7 days,Yes,,,,,9765432109
CASE-2026-0070,VM,IN,10/10/1966,60.0,M,09/01/2026,Nausea and vomiting,Recover,,Amoxicillin,500 mg,Oral,Cholesterol management,14/01/2026,22/01/2026,8 days,No,,,,,9900112233
CASE-2026-0071,UC,IN,11/12/1955,71.0,F,18/01/2026,Joint pain and muscle weakness,Recovering,,Atorvastatin,40 mg,Oral,Hypertension control,06/01/2026,12/01/2026,6 days,Yes,,,,,9870011223
CASE-2026-0072,WO,IN,13/11/1963,63.0,M,14/01/2026,Severe rash and fever,Recovering,,Amoxicillin,500 mg,Oral,Respiratory infection,07/01/2026,12/01/2026,5 days,,,,,,9654321098
CASE-2026-0073,XP,IN,11/12/1988,38.0,F,16/01/2026,Nausea and vomiting,Recover,,Ibuprofen,400 mg,Oral,Respiratory infection,11/01/2026,16/01/2026,5 days,No,,,,,9898989898
CASE-2026-0074,UE,IN,15/07/1961,65.0,M,24/01/2026,Joint pain and muscle weakness,Recovering,,Metformin,1000 mg,,,,,9 days,Yes,,,,,9345678901
CASE-2026-0075,TM,IN,17/12/1979,47.0,M,10/01/2026,Anaphylaxis,Fatal / Recovering,,Metformin,1000 mg,,,,,5 days,No,,,,,9212345670
CASE-2026-0076,JA,IN,09/11/1978,48.0,F,04/01/2026,Joint pain and muscle weakness,,,Ciprofloxacin,750 mg,,,,,9 days,No,,,,,9001122334
CASE-2026-0077,ZE,IN,12/04/1978,48.0,M,12/01/2026,Breathlessness,,,Amoxicillin,500 mg,,,,,7 days,Yes,,,,,9887766554
CASE-2026-0078,GD,IN,05/12/1992,34.0,M,18/01/2026,Dizziness and headache,,,Lisinopril,10 mg,,,,,,,,,,,9700012345
CASE-2026-0079,XX,IN,24/07/1998,28.0,F,12/01/2026,Joint pain and muscle weakness,,,Ciprofloxacin,,,,,,,,,,,,9834567890
CASE-2026-0080,JN,IN,15/07/1970,56.0,M,20/01/2026,Breathlessness,,,Ibuprofen,,,,,,,,,,,,9123409876
CASE-2026-0081,HC,IN,15/10/1971,55.0,F,08/01/2026,Joint pain and muscle weakness,,,Metformin,,,Inflammation control,01/01/2026,10/01/2026,9 days,No,,,,,9867543210
CASE-2026-0082,VI,IN,18/06/1958,68.0,F,05/01/2026,Nausea and vomiting,,,Metformin,,,Hypertension control,09/01/2026,16/01/2026,7 days,Yes,,,,,9789012345
CASE-2026-0083,GB,IN,25/03/1983,43.0,M,05/01/2026,Severe allergic reaction,,,Lisinopril,,,Bacterial infection,09/01/2026,19/01/2026,10 days,No,,,,,9600011223
CASE-2026-0084,PW,IN,15/02/1987,39.0,M,21/01/2026,Hepatotoxicity indicators,,,Atorvastatin,,,Hypertension control,02/01/2026,10/01/2026,8 days,No,,,,,9876501234
CASE-2026-0085,UP,IN,01/10/2003,23.0,M,06/01/2026,Severe rash and fever,,,Metformin,,,Diabetes management,07/01/2026,12/01/2026,5 days,,,,,,9911223344
CASE-2026-0086,UX,IN,23/02/1957,69.0,M,08/01/2026,Photosensitivity rash,,,Ciprofloxacin,750 mg,Oral,,,,,,,,,,9822334455
CASE-2026-0087,FS,IN,11/02/2004,22.0,F,04/01/2026,Abdominal pain,,,Ciprofloxacin,750 mg,Oral,,,,,,,,,,9712345678
CASE-2026-0088,BM,IN,22/10/1959,67.0,F,12/01/2026,Dizziness and headache,,,Amoxicillin,500 mg,Oral,Inflammation control,03/01/2026,09/01/2026,6 days,,No,Paracetamol,Iron supplement,Asthmatic,9595959595
CASE-2026-0089,TQ,IN,05/04/1970,56.0,M,08/01/2026,Anaphylaxis,,,Metformin,1000 mg,Oral,Respiratory infection,16/01/2026,22/01/2026,6 days,Yes,Yes,Aspirin,Vitamin C,No significant history,9078563412
CASE-2026-0090,LA,IN,08/02/1984,42.0,F,22/01/2026,Breathlessness,Recovering,,Azithromycin,,,Cholesterol management,,,9 days,No,,,,,9367890123
CASE-2026-0091,PK,IN,17/06/1988,38.0,F,19/01/2026,Severe rash and fever,Recovering,,Atorvastatin,,,Respiratory infection,,,7 days,Yes,,,,,9256789012
CASE-2026-0092,EQ,IN,25/07/2000,26.0,M,17/01/2026,Hepatotoxicity indicators,Fatal / Recovering,,Lisinopril,,,Diabetes management,,,7 days,No,,,,,9900990099
CASE-2026-0093,AW,IN,30/08/1998,28.0,F,05/01/2026,Hepatotoxicity indicators,Fatal / Recovering,,Ciprofloxacin,,,Cholesterol management,,,10 days,No,,,,,9845612309
CASE-2026-0094,BU,IN,12/07/1962,64.0,F,21/01/2026,Photosensitivity rash,Recover,,Atorvastatin,40 mg,,,,,,,Not tested,Cetirizine,Vitamin C,No significant history,9732104567
CASE-2026-0095,CV,IN,05/11/1988,38.0,M,15/01/2026,Severe allergic reaction,Recovering,,Ciprofloxacin,750 mg,,,,,,No,Yes,Metoprolol,Vitamin D,Hypertensive,9623457810
CASE-2026-0096,WS,IN,26/08/1973,53.0,F,07/01/2026,Breathlessness,Recovering,,Lisinopril,10 mg,,,,,,Yes,Yes,Paracetamol,Omeprazole,Hypertensive,9890011223
CASE-2026-0097,XL,IN,27/06/2000,26.0,F,20/01/2026,Dizziness and headache,,,Lisinopril,10 mg,,,,,,No,Not tested,,,,9786543210
CASE-2026-0098,JP,IN,05/05/1980,46.0,M,11/01/2026,Abdominal pain,,,Metformin,,,,,,,,No,,,,9123987654
CASE-2026-0099,YW,IN,22/04/1969,57.0,F,22/01/2026,Abdominal pain,,,Lisinopril,,,,,,,Yes,,,,,9876123450
CASE-2026-0100,IH,IN,26/12/1976,50.0,F,14/01/2026,Breathlessness,,,Lisinopril,10 mg,Oral,,,,8 days,No,Yes,,,,9911002233
,,,,,,,,,,,,,,,,,,,,,,9822012345
,,,,,,,,,,,,,,,,,,,,,,9753108642
,,,,,,,,,,,,,,,,,,,,,,9685741230
,,,,,,,,,,,,,,,,,,,,,,9933445566
,,,,,,,,,,,,,,,,,,,,,,9811002233
,,,,,,,,,,,,,,,,,,,,,,9700987654
,,,,,,,,,,,,,,,,,,,,,,9877001122
,,,,,,,,,,,,,,,,,,,,,,9590012345
,,,,,,,,,,,,,,,,,,,,,,9888001122
,,,,,,,,,,,,,,,,,,,,,,9760012345
,,,,,,,,,,,,,,,,,,,,,,9901234567
,,,,,,,,,,,,,,,,,,,,,,9833001122
,,,,,,,,,,,,,,,,,,,,,,9723456789
